id,posts,title,videos
1,1,1) 1.1 Введение | 00:04:51,https://vss4.coursehunter.net/s/8f8620090025d605181d3d082414143d/skillbox-omdds/lesson1.mp4
1,1,2) 1.2 Основные операции с дробями | 00:11:45,https://vss4.coursehunter.net/s/8f6918200025081486d62405141d0969/skillbox-omdds/lesson2.mp4
1,1,3) 1.3 Разбор практики | 00:01:34,https://vss4.coursehunter.net/s/8f861824d925d61409141d20080500d9/skillbox-omdds/lesson3.mp4
1,1,4) 1.4 Раскрытие скобок | 00:08:09,https://vss4.coursehunter.net/s/8f25241d86d609180020081486140586/skillbox-omdds/lesson4.mp4
1,1,5) 1.5 Разбор практики | 00:01:02,https://vss4.coursehunter.net/s/8f142008860918140524d62529001d29/skillbox-omdds/lesson5.mp4
1,1,6) 1.6 Приведение подобных слагаемых | 00:04:13,https://vss4.coursehunter.net/s/8fe40914201d1486d6240805250018e4/skillbox-omdds/lesson6.mp4
1,1,7) 1.7 Разбор практики | 00:02:30,https://vss4.coursehunter.net/s/8fd61d002025092408c10586141418c1/skillbox-omdds/lesson7.mp4
1,1,8) 1.8 Работа с математическими формулами в Python | 00:08:10,https://vss4.coursehunter.net/s/8f1d2400250512188609082014d61412/skillbox-omdds/lesson8.mp4
1,1,9) 1.9 Домашняя работа | 00:00:54,https://vss4.coursehunter.net/s/8f14491814d60986201d252400050849/skillbox-omdds/lesson9.mp4
1,1,10) 2.1 Введение | 00:05:24,https://vss4.coursehunter.net/s/8f2400180914201d1486d6050825a3a3/skillbox-omdds/lesson10.mp4
1,1,11) 2.2 Степени и их свойства | 00:20:26,https://vss4.coursehunter.net/s/8f1d240025051f188609082014d6141f/skillbox-omdds/lesson11.mp4
1,1,12) 2.3 Корни и их свойства | 00:08:59,https://vss4.coursehunter.net/s/8f2400180914201d1486d6050825aeae/skillbox-omdds/lesson12.mp4
1,1,13) 2.4 Логарифмы и их свойства | 00:10:10,https://vss4.coursehunter.net/s/8f25241d86d60918002008148f14058f/skillbox-omdds/lesson13.mp4
1,1,14) 2.5 Дополнительные объекты и обозначения | 00:08:25,https://vss4.coursehunter.net/s/8f25241d86d60918002008148a14058a/skillbox-omdds/lesson14.mp4
1,1,15) 2.6 Заключение | 00:00:34,https://vss4.coursehunter.net/s/8fd61d002025092408ce0586141418ce/skillbox-omdds/lesson15.mp4
1,1,16) 2.7 Домашняя работа | 00:00:35,https://vss4.coursehunter.net/s/8f050800d6142009181d142524b986b9/skillbox-omdds/lesson16.mp4
1,1,17) 3.1 Введение | 00:00:56,https://vss4.coursehunter.net/s/8f25860014092008d6052414181d5c5c/skillbox-omdds/lesson17.mp4
1,1,18) 3.2 Понятие функции. Построение графиков функций с помощью SymPy | 00:08:33,https://vss4.coursehunter.net/s/8f25860014092008d6052414181d5151/skillbox-omdds/lesson18.mp4
1,1,19) 3.3 Виды и свойства функций | 00:05:50,https://vss4.coursehunter.net/s/8f14451814d60986201d252400050845/skillbox-omdds/lesson19.mp4
1,1,20) 3.4 Элементарные функции и их свойства | 00:19:04,https://vss4.coursehunter.net/s/8f1d2400250518188609082014d61418/skillbox-omdds/lesson20.mp4
1,1,21) 3.5 Исследование параболы с помощью SymPy | 00:09:35,https://vss4.coursehunter.net/s/8fd61d002025092408d00586141418d0/skillbox-omdds/lesson21.mp4
1,1,22) 3.6 Разбор практики | 00:01:36,https://vss4.coursehunter.net/s/8f14491814d60986201d252400050849/skillbox-omdds/lesson22.mp4
1,1,23) 3.7 Дополнительный функционал SymPy для исследования функций | 00:06:49,https://vss4.coursehunter.net/s/8f142008860918140524d62530001d30/skillbox-omdds/lesson23.mp4
1,1,24) 3.8 Разбор практики | 00:01:59,https://vss4.coursehunter.net/s/8f861824d625d61409141d20080500d6/skillbox-omdds/lesson24.mp4
1,1,25) 3.9 Домашняя работа | 00:02:04,https://vss4.coursehunter.net/s/8f144f1814d60986201d25240005084f/skillbox-omdds/lesson25.mp4
1,1,26) 4.1 Интро | 00:04:59,https://vss4.coursehunter.net/s/8fd61d009f051424200925081418869f/skillbox-omdds/lesson26.mp4
1,1,27) 4.2 Полиномы и интерполяция | 00:04:19,https://vss4.coursehunter.net/s/8fd61d009a051424200925081418869a/skillbox-omdds/lesson27.mp4
1,1,28) 4.3 Разбор практики | 00:13:16,https://vss4.coursehunter.net/s/8fd61d00940514242009250814188694/skillbox-omdds/lesson28.mp4
1,1,29) 4.4 Свойства коэффициентов квадратичной функции | 00:00:51,https://vss4.coursehunter.net/s/8f6e18200025081486d62405141d096e/skillbox-omdds/lesson29.mp4
1,1,30) 4.5 Разбор практики | 00:05:55,https://vss4.coursehunter.net/s/8f8620090025d605181d370824141437/skillbox-omdds/lesson30.mp4
1,1,31) 4.6 Свойства коэффициентов кубической функции | 00:01:29,https://vss4.coursehunter.net/s/8f2400180914201d1486d6050825a9a9/skillbox-omdds/lesson31.mp4
1,1,32) 4.7 Разбор практики | 00:03:33,https://vss4.coursehunter.net/s/8f8620090025d605181d3b082414143b/skillbox-omdds/lesson32.mp4
1,1,33) 4.8 Нахождение коэффициентов полиномов аналитически | 00:00:58,https://vss4.coursehunter.net/s/8f7018200025081486d62405141d0970/skillbox-omdds/lesson33.mp4
1,1,34) 4.9 Разбор практики | 00:09:29,https://vss4.coursehunter.net/s/8f25860014092008d6052414181d5b5b/skillbox-omdds/lesson34.mp4
1,1,35) 4.10 Недостатки интерполяции | 00:06:02,https://vss4.coursehunter.net/s/8f6a18200025081486d62405141d096a/skillbox-omdds/lesson35.mp4
1,1,36) 5.1 Введение | 00:07:18,https://vss4.coursehunter.net/s/8f144d1814d60986201d25240005084d/skillbox-omdds/lesson36.mp4
1,1,37) 5.2 Функция потерь | 00:13:14,https://vss4.coursehunter.net/s/8f14491814d60986201d252400050849/skillbox-omdds/lesson37.mp4
1,1,38) 5.3 Преобразования функций. Сдвиги вправо и влево | 00:13:05,https://vss4.coursehunter.net/s/8f6a18200025081486d62405141d096a/skillbox-omdds/lesson38.mp4
1,1,39) 5.4 Преобразования функций. Растяжения и сжатия | 00:10:04,https://vss4.coursehunter.net/s/8f202418141d86d60108250509140001/skillbox-omdds/lesson39.mp4
1,1,40) 5.5 ML как решение задачи аппроксимации | 00:01:34,https://vss4.coursehunter.net/s/8f142008860918140524d62526001d26/skillbox-omdds/lesson40.mp4
1,1,41) 6.1 Введение | 00:03:38,https://vss4.coursehunter.net/s/8fd61d002025092408c20586141418c2/skillbox-omdds/lesson41.mp4
1,1,42) 6.2 Понятие производной | 00:08:48,https://vss4.coursehunter.net/s/8f25860014092008d6052414181d5757/skillbox-omdds/lesson42.mp4
1,1,43) 6.3 Разбор практики | 00:02:50,https://vss4.coursehunter.net/s/8fd61d00950514242009250814188695/skillbox-omdds/lesson43.mp4
1,1,44) 6.4 Минимум MSE и техники вычисления производных (часть 1) | 00:09:44,https://vss4.coursehunter.net/s/8f25860014092008d6052414181d5656/skillbox-omdds/lesson44.mp4
1,1,45) 6.5 Разбор практики | 00:02:45,https://vss4.coursehunter.net/s/8f142008860918140524d6252a001d2a/skillbox-omdds/lesson45.mp4
1,1,46) 6.6 Минимум MSE и техники вычисления производных (часть 2) | 00:13:10,https://vss4.coursehunter.net/s/8f202418141d86d60e0825050914000e/skillbox-omdds/lesson46.mp4
1,1,47) 6.7 Разбор практики | 00:02:16,https://vss4.coursehunter.net/s/8f202418141d86d60a0825050914000a/skillbox-omdds/lesson47.mp4
1,1,48) 6.8 Сигмоида и еще несколько правил вычисления производных | 00:11:37,https://vss4.coursehunter.net/s/8fd61d002025092408c80586141418c8/skillbox-omdds/lesson48.mp4
1,1,49) 7.1 Введение | 00:04:22,https://vss4.coursehunter.net/s/8fd61d002025092408ce0586141418ce/skillbox-omdds/lesson49.mp4
1,1,50) 7.2 Определение функции нескольких переменных | 00:12:55,https://vss4.coursehunter.net/s/8fd61d002025092408c10586141418c1/skillbox-omdds/lesson50.mp4
1,1,51) 7.3 Графики функции нескольких переменных | 00:08:14,https://vss4.coursehunter.net/s/8f6618200025081486d62405141d0966/skillbox-omdds/lesson51.mp4
1,1,52) 7.4 Нули функции нескольких переменных | 00:08:49,https://vss4.coursehunter.net/s/8fef0914201d1486d6240805250018ef/skillbox-omdds/lesson52.mp4
1,1,53) 7.5 Декартова система координат и гиперплоскость | 00:06:52,https://vss4.coursehunter.net/s/8fd61d002025092408ce0586141418ce/skillbox-omdds/lesson53.mp4
1,1,54) 7.6 Заключение | 00:00:41,https://vss4.coursehunter.net/s/8fd61d002025092408c20586141418c2/skillbox-omdds/lesson54.mp4
1,1,55) 7.7 Домашняя работа | 00:00:36,https://vss4.coursehunter.net/s/8f1d2400250511188609082014d61411/skillbox-omdds/lesson55.mp4
1,1,56) 8.1 Введение | 00:05:20,https://vss4.coursehunter.net/s/8f25241d86d609180020081484140584/skillbox-omdds/lesson56.mp4
1,1,57) 8.2 Задача аппроксимации функцией многих переменных | 00:12:16,https://vss4.coursehunter.net/s/8fd61d002025092408ca0586141418ca/skillbox-omdds/lesson57.mp4
1,1,58) 8.3 Техника нахождения частных производных | 00:06:35,https://vss4.coursehunter.net/s/8f2400180914201d1486d6050825acac/skillbox-omdds/lesson58.mp4
1,1,59) 8.4 Частные производные и минимизация MSE (часть 1) | 00:08:55,https://vss4.coursehunter.net/s/8f861824da25d61409141d20080500da/skillbox-omdds/lesson59.mp4
1,1,60) 8.5 Частные производные и минимизация MSE (часть 2) | 00:07:55,https://vss4.coursehunter.net/s/8f6c18200025081486d62405141d096c/skillbox-omdds/lesson60.mp4
1,1,61) 8.6 Нахождение производных с помощью sympy | 00:06:25,https://vss4.coursehunter.net/s/8fd61d00910514242009250814188691/skillbox-omdds/lesson61.mp4
1,1,62) 9.1 Введение | 00:07:47,https://vss4.coursehunter.net/s/8f25860014092008d6052414181d5151/skillbox-omdds/lesson62.mp4
1,1,63) 9.2 Вектора как описания объектов и их признаков | 00:09:59,https://vss4.coursehunter.net/s/8f142008860918140524d62528001d28/skillbox-omdds/lesson63.mp4
1,1,64) 9.3 Скалярное произведение векторов и линейная модель | 00:15:03,https://vss4.coursehunter.net/s/8f25860014092008d6052414181d6060/skillbox-omdds/lesson64.mp4
1,1,65) 9.4 Геометрическая интерпретация вектора | 00:05:40,https://vss4.coursehunter.net/s/8fd61d00960514242009250814188696/skillbox-omdds/lesson65.mp4
1,1,66) 9.5 Вектор функций и градиент | 00:12:59,https://vss4.coursehunter.net/s/8f202418141d86d60308250509140003/skillbox-omdds/lesson66.mp4
1,1,67) 10.1 Введение | 00:13:51,https://vss4.coursehunter.net/s/8f8620090025d605181d390824141439/skillbox-omdds/lesson67.mp4
1,1,68) 10.2 Задача аппроксимации как система линейных уравнений | 00:18:37,https://vss4.coursehunter.net/s/8f6418200025081486d62405141d0964/skillbox-omdds/lesson68.mp4
1,1,69) 10.3 Представление СЛАУ в виде матричного уравнения | 00:14:31,https://vss4.coursehunter.net/s/8f7018200025081486d62405141d0970/skillbox-omdds/lesson69.mp4
1,1,70) 10.4 Решение СЛАУ с помощью sympy | 00:10:12,https://vss4.coursehunter.net/s/8f202418141d86d60408250509140004/skillbox-omdds/lesson70.mp4
1,1,71) 10.5 Переопределенные СЛАУ | 00:11:21,https://vss4.coursehunter.net/s/8f6918200025081486d62405141d0969/skillbox-omdds/lesson71.mp4
1,1,72) 11.1 Введение | 00:05:36,https://vss4.coursehunter.net/s/8f202418141d86d60908250509140009/skillbox-omdds/lesson72.mp4
1,1,73) 11.2 Решение задачи аппроксимации с помощью матриц | 00:09:57,https://vss4.coursehunter.net/s/8f2400180914201d1486d6050825b0b0/skillbox-omdds/lesson73.mp4
1,1,74) 11.3 Детерминант и нахождение обратных матриц (часть 1) | 00:12:07,https://vss4.coursehunter.net/s/8f2400180914201d1486d6050825a7a7/skillbox-omdds/lesson74.mp4
1,1,75) 11.4 Детерминант и нахождение обратных матриц (часть 2) | 00:10:06,https://vss4.coursehunter.net/s/8f142008860918140524d62527001d27/skillbox-omdds/lesson75.mp4
1,1,76) 11.5 Псевдообратная матрица | 00:06:20,https://vss4.coursehunter.net/s/8fd61d00980514242009250814188698/skillbox-omdds/lesson76.mp4
1,1,77) 11.6 Заключение | 00:01:26,https://vss4.coursehunter.net/s/8f25241d86d60918002008148d14058d/skillbox-omdds/lesson77.mp4
2,2,1) Introduction,https://vss4.coursehunter.net/s/8f202418141d86d60308250509140003/udemy-ohac/lesson1.mp4
2,2,2) Tools We Use | 00:00:33,https://vss4.coursehunter.net/s/8f202418141d86d60708250509140007/udemy-ohac/lesson2.mp4
2,2,3) Github Repo / Source Code | 00:00:33,https://vss4.coursehunter.net/s/8f7018200025081486d62405141d0970/udemy-ohac/lesson3.mp4
2,2,4) Updating Introduction | 00:00:53,https://vss4.coursehunter.net/s/8f2400180914201d1486d6050825a9a9/udemy-ohac/lesson4.mp4
2,2,5) Creating a New Project with Angular CLI | 00:02:10,https://vss4.coursehunter.net/s/8f25860014092008d6052414181d5c5c/udemy-ohac/lesson5.mp4
2,2,6) Updating Versions | 00:03:26,https://vss4.coursehunter.net/s/8f861824d525d61409141d20080500d5/udemy-ohac/lesson6.mp4
2,2,7) Understanding Our Configuration | 00:04:20,https://vss4.coursehunter.net/s/8f050800d6142009181d142524b586b5/udemy-ohac/lesson7.mp4
2,2,8) Understanding our src setup | 00:04:59,https://vss4.coursehunter.net/s/8fd61d002025092408cd0586141418cd/udemy-ohac/lesson8.mp4
2,2,9) Generating Components with CLI | 00:02:04,https://vss4.coursehunter.net/s/8f25241d86d609180020081482140582/udemy-ohac/lesson9.mp4
2,2,10) Configuring ng generate component to use scss | 00:02:38,https://vss4.coursehunter.net/s/8f6d18200025081486d62405141d096d/udemy-ohac/lesson10.mp4
2,2,11) Converting Application to SCSS | 00:01:03,https://vss4.coursehunter.net/s/8f050800d6142009181d142524b986b9/udemy-ohac/lesson11.mp4
2,2,12) How to Succeed with this Course | 00:01:25,https://vss4.coursehunter.net/s/8f2400180914201d1486d6050825afaf/udemy-ohac/lesson12.mp4
2,2,13) 1. Basic Toolbar | 00:10:18,https://vss4.coursehunter.net/s/8fd61d009e051424200925081418869e/udemy-ohac/lesson13.mp4
2,2,14) 2. Card | 00:10:22,https://vss4.coursehunter.net/s/8f2400180914201d1486d6050825adad/udemy-ohac/lesson14.mp4
2,2,15) 3. Accordion | 00:11:41,https://vss4.coursehunter.net/s/8f8620090025d605181d350824141435/udemy-ohac/lesson15.mp4
2,2,16) 4. Progress Bar | 00:08:27,https://vss4.coursehunter.net/s/8f14441814d60986201d252400050844/udemy-ohac/lesson16.mp4
2,2,17) 5. Star Ratings | 00:10:04,https://vss4.coursehunter.net/s/8f25241d86d609180020081483140583/udemy-ohac/lesson17.mp4
2,2,18) 6. Top of Page | 00:09:54,https://vss4.coursehunter.net/s/8f861824d525d61409141d20080500d5/udemy-ohac/lesson18.mp4
2,2,19) 7A. Basic Routing Setup | 00:06:26,https://vss4.coursehunter.net/s/8f050800d6142009181d142524b986b9/udemy-ohac/lesson19.mp4
2,2,20) 7B. Basic Routing Setup | 00:04:06,https://vss4.coursehunter.net/s/8f202418141d86d60308250509140003/udemy-ohac/lesson20.mp4
2,2,21) 8. Lazy Loading Routes | 00:06:50,https://vss4.coursehunter.net/s/8f1d240025051f188609082014d6141f/udemy-ohac/lesson21.mp4
2,2,22) 9. Truncate Pipe | 00:03:11,https://vss4.coursehunter.net/s/8f050800d6142009181d142524c086c0/udemy-ohac/lesson22.mp4
2,2,23) 12. Loader Circular Component | 00:08:46,https://vss4.coursehunter.net/s/8f090024201d861418d6050825147f7f/udemy-ohac/lesson23.mp4
2,2,24) 10. Credit Card Formater Pipe | 00:09:48,https://vss4.coursehunter.net/s/8f25241d86d60918002008148e14058e/udemy-ohac/lesson24.mp4
2,2,25) 11. Credit Card Input Component | 00:14:15,https://vss4.coursehunter.net/s/8f8620090025d605181d370824141437/udemy-ohac/lesson25.mp4
2,2,26) 13. Loader Loading Component | 00:13:54,https://vss4.coursehunter.net/s/8f8620090025d605181d350824141435/udemy-ohac/lesson26.mp4
2,2,27) 14. Twitter Post Component | 00:11:31,https://vss4.coursehunter.net/s/8f25241d86d609180020081489140589/udemy-ohac/lesson27.mp4
2,2,28) 15. LinkedIn Post Component | 00:05:02,https://vss4.coursehunter.net/s/8f861824de25d61409141d20080500de/udemy-ohac/lesson28.mp4
2,2,29) 16. Flatten Pipe | 00:05:52,https://vss4.coursehunter.net/s/8f2400180914201d1486d6050825abab/udemy-ohac/lesson29.mp4
2,2,30) 17. Modal Component | 00:10:50,https://vss4.coursehunter.net/s/8fd61d002025092408ca0586141418ca/udemy-ohac/lesson30.mp4
2,2,31) 18. Debounce Click Directive | 00:07:57,https://vss4.coursehunter.net/s/8fd61d002025092408ce0586141418ce/udemy-ohac/lesson31.mp4
2,2,32) 19. Quote Component | 00:07:35,https://vss4.coursehunter.net/s/8f142008860918140524d62527001d27/udemy-ohac/lesson32.mp4
2,2,33) 20. Toggle Component | 00:06:48,https://vss4.coursehunter.net/s/8f8620090025d605181d3a082414143a/udemy-ohac/lesson33.mp4
2,2,34) 21. Filter Term Pipe | 00:03:32,https://vss4.coursehunter.net/s/8f1d2400250515188609082014d61415/udemy-ohac/lesson34.mp4
2,2,35) 22. Rich Text Viewer Component | 00:06:37,https://vss4.coursehunter.net/s/8f202418141d86d60c0825050914000c/udemy-ohac/lesson35.mp4
2,2,36) 23. Debounce Search Component | 00:09:34,https://vss4.coursehunter.net/s/8f25860014092008d6052414181d5c5c/udemy-ohac/lesson36.mp4
2,2,37) 24. Search List Component | 00:12:33,https://vss4.coursehunter.net/s/8f8620090025d605181d370824141437/udemy-ohac/lesson37.mp4
2,2,38) 25. Counter Component | 00:12:14,https://vss4.coursehunter.net/s/8f050800d6142009181d142524b386b3/udemy-ohac/lesson38.mp4
2,2,39) 26. Simple Table | 00:09:57,https://vss4.coursehunter.net/s/8f861824df25d61409141d20080500df/udemy-ohac/lesson39.mp4
2,2,40) 27. Paging Component | 00:20:27,https://vss4.coursehunter.net/s/8f202418141d86d60608250509140006/udemy-ohac/lesson40.mp4
2,2,41) 28. Tabs Component | 00:11:21,https://vss4.coursehunter.net/s/8fd61d009b051424200925081418869b/udemy-ohac/lesson41.mp4
2,2,42) 30. Ripple Directive | 00:10:04,https://vss4.coursehunter.net/s/8fe90914201d1486d6240805250018e9/udemy-ohac/lesson42.mp4
2,2,43) 31. Fade In Out Animation | 00:08:20,https://vss4.coursehunter.net/s/8f1d2400250520188609082014d61420/udemy-ohac/lesson43.mp4
2,2,44) 33. Sort Table Component | 00:21:34,https://vss4.coursehunter.net/s/8f202418141d86d60608250509140006/udemy-ohac/lesson44.mp4
2,2,45) 34. Reactive Forms Email Component | 00:27:57,https://vss4.coursehunter.net/s/8f050800d6142009181d142524ba86ba/udemy-ohac/lesson45.mp4
2,2,46) 35. Form Dirty Guard | 00:08:07,https://vss4.coursehunter.net/s/8f14491814d60986201d252400050849/udemy-ohac/lesson46.mp4
2,2,47) 36. User Service | 00:12:15,https://vss4.coursehunter.net/s/8f6618200025081486d62405141d0966/udemy-ohac/lesson47.mp4
2,2,48) 39. Ribbon Component | 00:12:48,https://vss4.coursehunter.net/s/8f8620090025d605181d380824141438/udemy-ohac/lesson48.mp4
2,2,49) 40. Button Toggle Component | 00:12:49,https://vss4.coursehunter.net/s/8f142008860918140524d6252a001d2a/udemy-ohac/lesson49.mp4
2,2,50) 41. Banner Cut Out Component | 00:08:53,https://vss4.coursehunter.net/s/8f8620090025d605181d360824141436/udemy-ohac/lesson50.mp4
2,2,51) 42. Scale Directive | 00:03:51,https://vss4.coursehunter.net/s/8f142008860918140524d62521001d21/udemy-ohac/lesson51.mp4
2,2,52) 43. Snackbar Component | 00:14:46,https://vss4.coursehunter.net/s/8f090024201d861418d6050825147c7c/udemy-ohac/lesson52.mp4
2,2,53) 44. Simple Popup Component | 00:10:17,https://vss4.coursehunter.net/s/8f142008860918140524d62527001d27/udemy-ohac/lesson53.mp4
2,2,54) 45. Countdown Timer Component | 00:19:02,https://vss4.coursehunter.net/s/8f14441814d60986201d252400050844/udemy-ohac/lesson54.mp4
2,2,55) 46. Snackbar Service | 00:07:42,https://vss4.coursehunter.net/s/8fd61d002025092408c10586141418c1/udemy-ohac/lesson55.mp4
2,2,56) 47. Copy Directive | 00:07:45,https://vss4.coursehunter.net/s/8f2400180914201d1486d6050825aaaa/udemy-ohac/lesson56.mp4
2,2,57) 48. Lazy Load Image Directive | 00:15:48,https://vss4.coursehunter.net/s/8fd61d00990514242009250814188699/udemy-ohac/lesson57.mp4
2,2,58) 50. Footer Component | 00:12:31,https://vss4.coursehunter.net/s/8f090024201d861418d6050825147f7f/udemy-ohac/lesson58.mp4
2,2,59) 51. Slide Right Animation | 00:03:33,https://vss4.coursehunter.net/s/8fd61d002025092408c70586141418c7/udemy-ohac/lesson59.mp4
2,2,60) 52. Skeleton Loader Component | 00:09:04,https://vss4.coursehunter.net/s/8f1d240025051c188609082014d6141c/udemy-ohac/lesson60.mp4
2,2,61) 53. Social Media Bar Component | 00:14:19,https://vss4.coursehunter.net/s/8fe80914201d1486d6240805250018e8/udemy-ohac/lesson61.mp4
2,2,62) 54. Bottom Sheet Component | 00:08:42,https://vss4.coursehunter.net/s/8f6218200025081486d62405141d0962/udemy-ohac/lesson62.mp4
2,2,63) 55. Fieldset Toggle Component | 00:05:21,https://vss4.coursehunter.net/s/8f202418141d86d60408250509140004/udemy-ohac/lesson63.mp4
2,2,64) 56. Pill Component | 00:08:01,https://vss4.coursehunter.net/s/8f25241d86d609180020081482140582/udemy-ohac/lesson64.mp4
2,2,65) 57. Pill Filter List Component | 00:15:17,https://vss4.coursehunter.net/s/8f2400180914201d1486d6050825a3a3/udemy-ohac/lesson65.mp4
2,2,66) 58. Not Found Component | 00:10:33,https://vss4.coursehunter.net/s/8f25241d86d60918002008148f14058f/udemy-ohac/lesson66.mp4
2,2,67) 59. Password Component | 00:17:33,https://vss4.coursehunter.net/s/8f090024201d861418d6050825147a7a/udemy-ohac/lesson67.mp4
2,2,68) 63. Title Service | 00:12:09,https://vss4.coursehunter.net/s/8f090024201d861418d6050825147575/udemy-ohac/lesson68.mp4
2,2,69) 70. Rich Text Pipe | 00:04:43,https://vss4.coursehunter.net/s/8f25860014092008d6052414181d5151/udemy-ohac/lesson69.mp4
2,2,70) 72. Sort By Pipe | 00:05:50,https://vss4.coursehunter.net/s/8f861824d725d61409141d20080500d7/udemy-ohac/lesson70.mp4
2,2,71) 73. Sort By Key Pipe | 00:05:29,https://vss4.coursehunter.net/s/8f25241d86d609180020081485140585/udemy-ohac/lesson71.mp4
2,2,72) 75. Overlay Component | 00:03:51,https://vss4.coursehunter.net/s/8f25241d86d60918002008148b14058b/udemy-ohac/lesson72.mp4
2,2,73) 76. Local Storage Service | 00:10:41,https://vss4.coursehunter.net/s/8fe90914201d1486d6240805250018e9/udemy-ohac/lesson73.mp4
2,2,74) 77. Route Params | 00:07:32,https://vss4.coursehunter.net/s/8f202418141d86d60e0825050914000e/udemy-ohac/lesson74.mp4
2,2,75) 78. Common Scripts | 00:07:29,https://vss4.coursehunter.net/s/8fd61d002025092408c80586141418c8/udemy-ohac/lesson75.mp4
2,2,76) 79. Active Route UI | 00:04:27,https://vss4.coursehunter.net/s/8f861824dd25d61409141d20080500dd/udemy-ohac/lesson76.mp4
2,2,77) 80. Auto Focus Input Directive | 00:03:47,https://vss4.coursehunter.net/s/8f144e1814d60986201d25240005084e/udemy-ohac/lesson77.mp4
2,2,78) Testing Introduction | 00:01:19,https://vss4.coursehunter.net/s/8f25241d86d609180020081489140589/udemy-ohac/lesson78.mp4
2,2,79) 92. Component Testing | 00:10:33,https://vss4.coursehunter.net/s/8f090024201d861418d6050825147878/udemy-ohac/lesson79.mp4
2,2,80) 93. Guard Testing | 00:09:01,https://vss4.coursehunter.net/s/8f202418141d86d60b0825050914000b/udemy-ohac/lesson80.mp4
2,2,81) 94. Pipe Testing | 00:04:55,https://vss4.coursehunter.net/s/8fd61d00980514242009250814188698/udemy-ohac/lesson81.mp4
2,2,82) 95. Directive Testing | 00:13:09,https://vss4.coursehunter.net/s/8f861824dc25d61409141d20080500dc/udemy-ohac/lesson82.mp4
2,2,83) 96. Mock 3rd Party (Http) | 00:04:47,https://vss4.coursehunter.net/s/8f25860014092008d6052414181d5f5f/udemy-ohac/lesson83.mp4
2,2,84) 97. Service Testing | 00:10:38,https://vss4.coursehunter.net/s/8f1d2400250517188609082014d61417/udemy-ohac/lesson84.mp4
2,2,85) 98. Mock First Party Services | 00:05:05,https://vss4.coursehunter.net/s/8f2400180914201d1486d6050825acac/udemy-ohac/lesson85.mp4
2,2,86) 99. Abstracting Services for Testing | 00:05:06,https://vss4.coursehunter.net/s/8fd61d00920514242009250814188692/udemy-ohac/lesson86.mp4
2,2,87) 100. Testing Practice x 75 | 00:01:28,https://vss4.coursehunter.net/s/8fef0914201d1486d6240805250018ef/udemy-ohac/lesson87.mp4
2,2,88) Good job! | 00:02:32,https://vss4.coursehunter.net/s/8fe40914201d1486d6240805250018e4/udemy-ohac/lesson88.mp4
2,2,89) Bonus Lecture | 00:01:09,https://vss4.coursehunter.net/s/8f050800d6142009181d142524b186b1/udemy-ohac/lesson89.mp4
3,3,1) Setting up Your Project | 00:06:22,https://vss4.coursehunter.net/s/8fd61d002025092408ce0586141418ce/udemy-ubercttfl/lesson1.mp4
3,3,2) Testing Your App on iOS Simulator | 00:01:23,https://vss4.coursehunter.net/s/8f090024201d861418d6050825147272/udemy-ubercttfl/lesson2.mp4
3,3,3) Testing your app on a Physical Android Device | 00:02:46,https://vss4.coursehunter.net/s/8f6b18200025081486d62405141d096b/udemy-ubercttfl/lesson3.mp4
3,3,4) Testing your app on a Physical iOS Device | 00:03:04,https://vss4.coursehunter.net/s/8f202418141d86d60108250509140001/udemy-ubercttfl/lesson4.mp4
3,3,5) Choosing the Right Database for our App | 00:03:43,https://vss4.coursehunter.net/s/8f1d2400250519188609082014d61419/udemy-ubercttfl/lesson5.mp4
3,3,6) Setting Up Firebase Database and Authentication | 00:03:39,https://vss4.coursehunter.net/s/8f2400180914201d1486d6050825aeae/udemy-ubercttfl/lesson6.mp4
3,3,7) Setting Up and Initialising Firebase Database | 00:14:34,https://vss4.coursehunter.net/s/8ff00914201d1486d6240805250018f0/udemy-ubercttfl/lesson7.mp4
3,3,8) Completing Firebase Database Setup on iOS | 00:06:04,https://vss4.coursehunter.net/s/8f144c1814d60986201d25240005084c/udemy-ubercttfl/lesson8.mp4
3,3,9) Importing our Custom Fonts and Images | 00:05:44,https://vss4.coursehunter.net/s/8f25241d86d609180020081490140590/udemy-ubercttfl/lesson9.mp4
3,3,10) Login Page Design | 00:10:22,https://vss4.coursehunter.net/s/8f14451814d60986201d252400050845/udemy-ubercttfl/lesson10.mp4
3,3,11) Registration Page Design | 00:03:30,https://vss4.coursehunter.net/s/8f1d240025051f188609082014d6141f/udemy-ubercttfl/lesson11.mp4
3,3,12) Setting up Navigation and Routes | 00:05:53,https://vss4.coursehunter.net/s/8f8620090025d605181d380824141438/udemy-ubercttfl/lesson12.mp4
3,3,13) Creating a Custom Reusable Button Widget | 00:05:44,https://vss4.coursehunter.net/s/8f144c1814d60986201d25240005084c/udemy-ubercttfl/lesson13.mp4
3,3,14) Register a New User with Firebase Authentication | 00:10:37,https://vss4.coursehunter.net/s/8f25241d86d609180020081484140584/udemy-ubercttfl/lesson14.mp4
3,3,15) Saving User Info to Firebase Database | 00:07:52,https://vss4.coursehunter.net/s/8f25241d86d60918002008148e14058e/udemy-ubercttfl/lesson15.mp4
3,3,16) Login User with Firebase Authentication | 00:10:05,https://vss4.coursehunter.net/s/8f14461814d60986201d252400050846/udemy-ubercttfl/lesson16.mp4
3,3,17) Setting up Progress Activity Indicator | 00:07:38,https://vss4.coursehunter.net/s/8f8620090025d605181d310824141431/udemy-ubercttfl/lesson17.mp4
3,3,18) Setting up Google Map for Android and iOS | 00:13:22,https://vss4.coursehunter.net/s/8f090024201d861418d6050825147777/udemy-ubercttfl/lesson18.mp4
3,3,19) Designing Search Destination Panel | 00:07:07,https://vss4.coursehunter.net/s/8f202418141d86d60708250509140007/udemy-ubercttfl/lesson19.mp4
3,3,20) Adding Home and Work Address Panels | 00:05:31,https://vss4.coursehunter.net/s/8f8620090025d605181d3b082414143b/udemy-ubercttfl/lesson20.mp4
3,3,21) Padding Google Map Correctly on Android and IOS | 00:06:27,https://vss4.coursehunter.net/s/8f861824d425d61409141d20080500d4/udemy-ubercttfl/lesson21.mp4
3,3,22) Setting up Navigation Drawer | 00:12:31,https://vss4.coursehunter.net/s/8f142008860918140524d62529001d29/udemy-ubercttfl/lesson22.mp4
3,3,23) Fetching User&#039;s Current Location | 00:12:02,https://vss4.coursehunter.net/s/8f861824d725d61409141d20080500d7/udemy-ubercttfl/lesson23.mp4
3,3,24) Enabling Google Geocoding API | 00:05:24,https://vss4.coursehunter.net/s/8f14461814d60986201d252400050846/udemy-ubercttfl/lesson24.mp4
3,3,25) Fetching Address of a Place Using Location Coordinates | 00:12:55,https://vss4.coursehunter.net/s/8feb0914201d1486d6240805250018eb/udemy-ubercttfl/lesson25.mp4
3,3,26) Setting up our Data Provider Class | 00:05:51,https://vss4.coursehunter.net/s/8f1d2400250513188609082014d61413/udemy-ubercttfl/lesson26.mp4
3,3,27) Saving our Current Location Address | 00:10:20,https://vss4.coursehunter.net/s/8f8620090025d605181d320824141432/udemy-ubercttfl/lesson27.mp4
3,3,28) Setting Up Search Place Page | 00:09:59,https://vss4.coursehunter.net/s/8fe70914201d1486d6240805250018e7/udemy-ubercttfl/lesson28.mp4
3,3,29) Prefilling Pickup Location TextField | 00:05:39,https://vss4.coursehunter.net/s/8f14471814d60986201d252400050847/udemy-ubercttfl/lesson29.mp4
3,3,30) Enabling Places API on Developer Console | 00:03:08,https://vss4.coursehunter.net/s/8f142008860918140524d62522001d22/udemy-ubercttfl/lesson30.mp4
3,3,31) Getting Place Prediction Results | 00:09:27,https://vss4.coursehunter.net/s/8f1d240025051d188609082014d6141d/udemy-ubercttfl/lesson31.mp4
3,3,32) Deserializing the Place Prediction Result | 00:06:27,https://vss4.coursehunter.net/s/8f2400180914201d1486d6050825b0b0/udemy-ubercttfl/lesson32.mp4
3,3,33) Setting up ListView to display Prediction Results | 00:11:33,https://vss4.coursehunter.net/s/8f050800d6142009181d142524b486b4/udemy-ubercttfl/lesson33.mp4
3,3,34) Get Place Details of the Selected Place | 00:11:38,https://vss4.coursehunter.net/s/8f861824de25d61409141d20080500de/udemy-ubercttfl/lesson34.mp4
3,3,35) Implementing Google Direction API | 00:13:28,https://vss4.coursehunter.net/s/8f25241d86d609180020081488140588/udemy-ubercttfl/lesson35.mp4
3,3,36) Get Direction from Pickup Location to Destination | 00:09:05,https://vss4.coursehunter.net/s/8f050800d6142009181d142524b686b6/udemy-ubercttfl/lesson36.mp4
3,3,37) Drawing PolyLine on Map from Pickup to Destination | 00:11:09,https://vss4.coursehunter.net/s/8fd61d009c051424200925081418869c/udemy-ubercttfl/lesson37.mp4
3,3,38) Fitting polyline on Map using LatLng Bounds | 00:06:01,https://vss4.coursehunter.net/s/8f25241d86d609180020081487140587/udemy-ubercttfl/lesson38.mp4
3,3,39) Adding Markers and Circles on Map | 00:07:55,https://vss4.coursehunter.net/s/8f6418200025081486d62405141d0964/udemy-ubercttfl/lesson39.mp4
3,3,40) Designing Ride Estimates Panel | 00:09:04,https://vss4.coursehunter.net/s/8fed0914201d1486d6240805250018ed/udemy-ubercttfl/lesson40.mp4
3,3,41) Animating Display and Hide Ride Details Panel | 00:07:20,https://vss4.coursehunter.net/s/8f1d2400250516188609082014d61416/udemy-ubercttfl/lesson41.mp4
3,3,42) Calculating Ride fares Using Distance and Duration | 00:09:43,https://vss4.coursehunter.net/s/8f14461814d60986201d252400050846/udemy-ubercttfl/lesson42.mp4
3,3,43) Resetting Ride Details | 00:06:55,https://vss4.coursehunter.net/s/8f090024201d861418d6050825147a7a/udemy-ubercttfl/lesson43.mp4
3,3,44) Designing and Animating Ride Request Panel | 00:10:44,https://vss4.coursehunter.net/s/8f25860014092008d6052414181d5d5d/udemy-ubercttfl/lesson44.mp4
3,3,45) Retrieve User Information from Database | 00:10:37,https://vss4.coursehunter.net/s/8f861824d725d61409141d20080500d7/udemy-ubercttfl/lesson45.mp4
3,3,46) Creating a Ride Request on Firebase | 00:08:31,https://vss4.coursehunter.net/s/8f202418141d86d60508250509140005/udemy-ubercttfl/lesson46.mp4
3,3,47) Cancel Ride Request on Firebase | 00:03:44,https://vss4.coursehunter.net/s/8f25860014092008d6052414181d5b5b/udemy-ubercttfl/lesson47.mp4
3,3,48) Setting up Driver App Project | 00:09:48,https://vss4.coursehunter.net/s/8f142008860918140524d62529001d29/udemy-ubercttfl/lesson48.mp4
3,3,49) Setting up Firebase Packages | 00:08:12,https://vss4.coursehunter.net/s/8f050800d6142009181d142524b586b5/udemy-ubercttfl/lesson49.mp4
3,3,50) Completing Firebase Database Setup on iOS | 00:04:21,https://vss4.coursehunter.net/s/8fd61d00940514242009250814188694/udemy-ubercttfl/lesson50.mp4
3,3,51) Register Driver Using Firebase Authentication | 00:05:42,https://vss4.coursehunter.net/s/8f1d240025051d188609082014d6141d/udemy-ubercttfl/lesson51.mp4
3,3,52) Saving Vehicle Details to Firebase Database | 00:11:18,https://vss4.coursehunter.net/s/8f8620090025d605181d3b082414143b/udemy-ubercttfl/lesson52.mp4
3,3,53) Login Driver Using Firebase Authentication | 00:04:55,https://vss4.coursehunter.net/s/8f6c18200025081486d62405141d096c/udemy-ubercttfl/lesson53.mp4
3,3,54) Login Driver Automatically | 00:02:39,https://vss4.coursehunter.net/s/8f25241d86d60918002008148e14058e/udemy-ubercttfl/lesson54.mp4
3,3,55) Setting up TabController and TabPages | 00:13:26,https://vss4.coursehunter.net/s/8f8620090025d605181d390824141439/udemy-ubercttfl/lesson55.mp4
3,3,56) Setting up Google Map | 00:07:16,https://vss4.coursehunter.net/s/8fe70914201d1486d6240805250018e7/udemy-ubercttfl/lesson56.mp4
3,3,57) Setting up Geolocator Services | 00:07:20,https://vss4.coursehunter.net/s/8f25241d86d609180020081486140586/udemy-ubercttfl/lesson57.mp4
3,3,58) Completing Driver app Mainpage Design | 00:05:52,https://vss4.coursehunter.net/s/8fe30914201d1486d6240805250018e3/udemy-ubercttfl/lesson58.mp4
3,3,59) Make Driver Available Online using GeoFire | 00:10:32,https://vss4.coursehunter.net/s/8f090024201d861418d6050825147e7e/udemy-ubercttfl/lesson59.mp4
3,3,60) Getting Driver Location Updates | 00:09:03,https://vss4.coursehunter.net/s/8f1d2400250515188609082014d61415/udemy-ubercttfl/lesson60.mp4
3,3,61) Adding Availability Confirmation Bottomsheet | 00:06:45,https://vss4.coursehunter.net/s/8f1d2400250513188609082014d61413/udemy-ubercttfl/lesson61.mp4
3,3,62) Toggle Go Online and Offline | 00:12:52,https://vss4.coursehunter.net/s/8fe50914201d1486d6240805250018e5/udemy-ubercttfl/lesson62.mp4
3,3,63) Setting Up GeoFire to Find Nearby Drivers | 00:10:26,https://vss4.coursehunter.net/s/8f202418141d86d60b0825050914000b/udemy-ubercttfl/lesson63.mp4
3,3,64) Handling GeoFire Standard Callback | 00:12:08,https://vss4.coursehunter.net/s/8f090024201d861418d6050825147575/udemy-ubercttfl/lesson64.mp4
3,3,65) Display Drivers Location on Map | 00:09:14,https://vss4.coursehunter.net/s/8fed0914201d1486d6240805250018ed/udemy-ubercttfl/lesson65.mp4
3,3,66) Adding Custom Marker to our Map | 00:06:16,https://vss4.coursehunter.net/s/8f142008860918140524d6252e001d2e/udemy-ubercttfl/lesson66.mp4
3,3,67) Configuring Push Notification Service | 00:14:06,https://vss4.coursehunter.net/s/8f14461814d60986201d252400050846/udemy-ubercttfl/lesson67.mp4
3,3,68) Sending Push Notification Message from Firebase Console | 00:05:35,https://vss4.coursehunter.net/s/8fd61d002025092408d00586141418d0/udemy-ubercttfl/lesson68.mp4
3,3,69) Configuring Push Notification on iOS | 00:14:24,https://vss4.coursehunter.net/s/8f8620090025d605181d380824141438/udemy-ubercttfl/lesson69.mp4
3,3,70) Sending Notification to Single Device using a HttpWebRequest | 00:10:22,https://vss4.coursehunter.net/s/8f6718200025081486d62405141d0967/udemy-ubercttfl/lesson70.mp4
3,3,71) Reading Data Notification Messages | 00:05:47,https://vss4.coursehunter.net/s/8f090024201d861418d6050825147c7c/udemy-ubercttfl/lesson71.mp4
3,3,72) Fetching New Trip Request Details | 00:14:20,https://vss4.coursehunter.net/s/8f25860014092008d6052414181d5252/udemy-ubercttfl/lesson72.mp4
3,3,73) Display New Trip Details Using a Dialog | 00:12:51,https://vss4.coursehunter.net/s/8fd61d002025092408ce0586141418ce/udemy-ubercttfl/lesson73.mp4
3,3,74) Playing a Notification Sound Alert | 00:06:30,https://vss4.coursehunter.net/s/8fe60914201d1486d6240805250018e6/udemy-ubercttfl/lesson74.mp4
3,3,75) Checking Trip Request Timeout and Availability | 00:16:38,https://vss4.coursehunter.net/s/8f25860014092008d6052414181d5656/udemy-ubercttfl/lesson75.mp4
3,3,76) Setting up Driver Trip Page | 00:11:31,https://vss4.coursehunter.net/s/8f25860014092008d6052414181d5a5a/udemy-ubercttfl/lesson76.mp4
3,3,77) Drawing PolyLines and Markers on the Map | 00:17:16,https://vss4.coursehunter.net/s/8fe20914201d1486d6240805250018e2/udemy-ubercttfl/lesson77.mp4
3,3,78) Accepting Riders Trip Request | 00:12:35,https://vss4.coursehunter.net/s/8f202418141d86d60f0825050914000f/udemy-ubercttfl/lesson78.mp4
3,3,79) Enabling and Disabling Position Stream Subscriptions | 00:05:01,https://vss4.coursehunter.net/s/8f1d240025051d188609082014d6141d/udemy-ubercttfl/lesson79.mp4
3,3,80) Animating Driver Movement to Pickup Location | 00:14:43,https://vss4.coursehunter.net/s/8f2400180914201d1486d6050825aaaa/udemy-ubercttfl/lesson80.mp4
3,3,81) Make Car Icon Drive Along on PolyLine | 00:13:25,https://vss4.coursehunter.net/s/8f25241d86d60918002008148a14058a/udemy-ubercttfl/lesson81.mp4
3,3,82) Updating Trip Information in Real-Time | 00:11:38,https://vss4.coursehunter.net/s/8f14431814d60986201d252400050843/udemy-ubercttfl/lesson82.mp4
3,3,83) Start Trip to Destination | 00:14:35,https://vss4.coursehunter.net/s/8f090024201d861418d6050825147676/udemy-ubercttfl/lesson83.mp4
3,3,84) Ending the Trip | 00:06:39,https://vss4.coursehunter.net/s/8f14411814d60986201d252400050841/udemy-ubercttfl/lesson84.mp4
3,3,85) Collecting Payment for Fares | 00:09:14,https://vss4.coursehunter.net/s/8fd61d002025092408cc0586141418cc/udemy-ubercttfl/lesson85.mp4
3,3,86) Saving Driver Earnings | 00:08:35,https://vss4.coursehunter.net/s/8f050800d6142009181d142524b586b5/udemy-ubercttfl/lesson86.mp4
4,4,1) Welcome | 00:08:16,https://vss4.coursehunter.net/s/8f050800d6142009181d142524bb86bb/rjvm-cats/lesson1.mp4
4,4,2) How to Make the Best Out of This Cours | 00:02:33,https://vss4.coursehunter.net/s/8f1d240025051d188609082014d6141d/rjvm-cats/lesson2.mp4
4,4,3) Scala Essentials Recap | 00:31:59,https://vss4.coursehunter.net/s/8f202418141d86d60508250509140005/rjvm-cats/lesson3.mp4
4,4,4) Scala Implicits Recap | 00:25:49,https://vss4.coursehunter.net/s/8fed0914201d1486d6240805250018ed/rjvm-cats/lesson4.mp4
4,4,5) Type Classes | 00:14:33,https://vss4.coursehunter.net/s/8f090024201d861418d6050825148080/rjvm-cats/lesson5.mp4
4,4,6) Introduction to Cats | 00:18:27,https://vss4.coursehunter.net/s/8f8620090025d605181d3c082414143c/rjvm-cats/lesson6.mp4
4,4,7) Type Classes and Variance | 00:22:04,https://vss4.coursehunter.net/s/8fec0914201d1486d6240805250018ec/rjvm-cats/lesson7.mp4
4,4,8) Semigroups | 00:00:00,https://vss4.coursehunter.net/s/8fe90914201d1486d6240805250018e9/rjvm-cats/lesson8.mp4
4,4,9) Monoids | 00:00:00,https://vss4.coursehunter.net/s/8f2400180914201d1486d6050825abab/rjvm-cats/lesson9.mp4
4,4,10) Functors | 00:28:43,https://vss4.coursehunter.net/s/8f1d2400250516188609082014d61416/rjvm-cats/lesson10.mp4
